timestamp,open,high,low,close,volume,buy_vol,sell_vol
1778976000000,0.10931,0.1096,0.10881,0.10909,0.0,0.0,0.0
1778979600000,0.10909,0.10917,0.10802,0.10805,0.0,0.0,0.0
1778983200000,0.10805,0.10876,0.10802,0.10859,0.0,0.0,0.0
1778986800000,0.10859,0.10948,0.10859,0.10915,0.0,0.0,0.0
1778990400000,0.10914,0.10984,0.10908,0.10963,0.0,0.0,0.0
1778994000000,0.10964,0.11038,0.10959,0.10992,0.0,0.0,0.0
1778997600000,0.10993,0.11014,0.10941,0.10961,0.0,0.0,0.0
1779001200000,0.10962,0.11025,0.10951,0.11013,0.0,0.0,0.0
1779004800000,0.11013,0.11033,0.10972,0.1102,0.0,0.0,0.0
1779008400000,0.1102,0.11108,0.11008,0.111,0.0,0.0,0.0
1779012000000,0.111,0.11188,0.11097,0.11164,0.0,0.0,0.0
1779015600000,0.11165,0.1117,0.11113,0.11143,0.0,0.0,0.0
1779019200000,0.11144,0.11275,0.11142,0.11201,0.0,0.0,0.0
1779022800000,0.11201,0.11202,0.1109,0.11159,0.0,0.0,0.0
1779026400000,0.11158,0.11166,0.11046,0.11076,0.0,0.0,0.0
1779030000000,0.11075,0.11108,0.11022,0.1104,0.0,0.0,0.0
1779033600000,0.1104,0.11066,0.10985,0.11,0.0,0.0,0.0
1779037200000,0.11,0.11019,0.1095,0.10991,0.0,0.0,0.0
1779040800000,0.10991,0.11037,0.10956,0.11031,0.0,0.0,0.0
1779044400000,0.1103,0.11095,0.1103,0.11068,0.0,0.0,0.0
1779048000000,0.11067,0.11086,0.1104,0.11052,0.0,0.0,0.0
1779051600000,0.11052,0.11127,0.11031,0.11116,0.0,0.0,0.0
1779055200000,0.11116,0.11123,0.10923,0.10946,0.0,0.0,0.0
1779058800000,0.10946,0.10954,0.10536,0.10893,0.0,0.0,0.0
1779062400000,0.10892,0.109,0.10651,0.10694,0.0,0.0,0.0
1779066000000,0.10693,0.10705,0.10583,0.10669,0.0,0.0,0.0
1779069600000,0.10669,0.10717,0.10636,0.10663,0.0,0.0,0.0
1779073200000,0.10663,0.10714,0.10619,0.10656,0.0,0.0,0.0
1779076800000,0.10655,0.10694,0.10597,0.10682,0.0,0.0,0.0
1779080400000,0.10683,0.10704,0.10589,0.1061,0.0,0.0,0.0
1779084000000,0.10609,0.10622,0.10352,0.10468,0.0,0.0,0.0
1779087600000,0.10468,0.10498,0.10361,0.10425,0.0,0.0,0.0
1779091200000,0.10426,0.10465,0.10396,0.10435,0.0,0.0,0.0
1779094800000,0.10435,0.10445,0.1039,0.10401,0.0,0.0,0.0
1779098400000,0.10401,0.10443,0.1037,0.104,14606925.626600001,7276381.2361,7330544.3905
1779102000000,0.104,0.106,0.10374,0.105,16904577.681199998,7006578.7654,9897998.9158
1779105600000,0.105,0.10635,0.105,0.10627,38064373.5184,20172516.7678,17891856.7506
1779109200000,0.10628,0.10638,0.10407,0.10502,44017016.4715,22687581.6856,21329434.7859
1779112800000,0.10502,0.10502,0.10381,0.10418,52089892.5884,22857205.044,29232687.5444
1779116400000,0.10419,0.10439,0.10301,0.10387,45106060.891499996,22192288.2629,22913772.6286
1779120000000,0.10387,0.10435,0.10321,0.1036,52068846.7324,25499273.3855,26569573.3469
1779123600000,0.1036,0.10423,0.10345,0.10397,21132557.0058,9604029.2317,11528527.7741
1779127200000,0.10396,0.10403,0.10237,0.1026,11756851.0606,5956958.0264,5799893.0342
1779130800000,0.1026,0.10492,0.10255,0.1047,33664955.7695,11501100.7185,22163855.051
1779134400000,0.10471,0.1052,0.10394,0.10412,31133693.8655,16825291.5284,14308402.3371
1779138000000,0.10413,0.10508,0.10384,0.105,17156462.8442,7599467.1852,9556995.659
1779141600000,0.10501,0.1055,0.1046,0.10493,15618317.6662,7590090.6264,8028227.0398
1779145200000,0.10492,0.10516,0.10454,0.10472,17615667.2201,7725513.8165,9890153.4036
1779148800000,0.10472,0.10547,0.10458,0.10515,9359424.1637,4442316.8934,4917107.2703
1779152400000,0.10515,0.10515,0.10413,0.1042,11966684.128899999,6102217.0147,5864467.1142
1779156000000,0.1042,0.10472,0.10376,0.10407,14724433.5065,6330373.3583,8394060.1482
1779159600000,0.10408,0.1046,0.10393,0.10427,12380672.8253,5662617.9371,6718054.8882
1779163200000,0.10428,0.10529,0.10412,0.10524,8706416.0921,4322079.2073,4384336.8848
1779166800000,0.10525,0.10534,0.10415,0.10448,17587250.8444,9347523.897,8239726.9474
1779170400000,0.10449,0.10465,0.10404,0.10442,24347807.796499997,11498511.04,12849296.7565
1779174000000,0.10441,0.10515,0.10414,0.10513,12512125.5099,7361601.9428,5150523.5671
1779177600000,0.10514,0.10519,0.1044,0.10443,22624512.6405,12504552.5923,10119960.0482
1779181200000,0.10443,0.10467,0.10365,0.10413,17832964.0304,7831940.3303,10001023.7001
1779184800000,0.10413,0.10443,0.1035,0.10418,19081746.306900002,8484861.8434,10596884.4635
1779188400000,0.10418,0.10433,0.10362,0.10367,16311914.9289,7995266.072,8316648.8569
1779192000000,0.10367,0.10425,0.10345,0.10409,9625499.061900001,4544849.999,5080649.0629
1779195600000,0.1041,0.10458,0.10348,0.10427,13128267.4354,6237313.7501,6890953.6853
1779199200000,0.10427,0.10445,0.10272,0.10337,24514644.9257,13062010.5795,11452634.3462
1779202800000,0.10336,0.10388,0.1032,0.10356,36026567.991799995,15917749.9014,20108818.0904
1779206400000,0.10356,0.1042,0.10334,0.10406,13380961.0053,6271548.5519,7109412.4534
1779210000000,0.10406,0.10418,0.10343,0.10364,12411810.9312,6577739.5167,5834071.4145
1779213600000,0.10364,0.10376,0.10328,0.10341,12727527.870700002,5630547.247,7096980.6237
1779217200000,0.10341,0.10385,0.1031,0.10323,11171498.109900001,4883259.9538,6288238.1561
1779220800000,0.10323,0.10366,0.10323,0.10358,7191130.626499999,3594273.6144,3596857.0121
1779224400000,0.10358,0.10375,0.10342,0.10347,4870413.6951,2554781.1406,2315632.5545
1779228000000,0.10346,0.10346,0.10259,0.1027,3139951.467,1350442.1803,1789509.2867
1779231600000,0.10271,0.10328,0.10259,0.10296,17237106.492399998,6596315.9514,10640790.541
1779235200000,0.10295,0.10305,0.10179,0.10272,10175792.6551,5253480.8226,4922311.8325
1779238800000,0.10272,0.10299,0.10221,0.10273,33893108.382300004,13529875.2227,20363233.1596
1779242400000,0.10273,0.10303,0.1024,0.10254,15888682.401,7768161.583,8120520.818
1779246000000,0.10254,0.10307,0.10235,0.10284,8376840.5704,5133747.9763,3243092.5941
1779249600000,0.10284,0.10292,0.10212,0.10243,8129322.808599999,3519218.7327,4610104.0759
1779253200000,0.10243,0.10371,0.10243,0.1035,15422157.2078,7175859.9605,8246297.2473
1779256800000,0.1035,0.10407,0.10343,0.10399,29849606.4762,14998189.2496,14851417.2266
1779260400000,0.10399,0.10402,0.10338,0.10354,13305785.9184,7359850.5744,5945935.344
1779264000000,0.10355,0.10402,0.10341,0.10373,13203299.365600001,6739944.9024,6463354.4632
1779267600000,0.10373,0.10387,0.10343,0.10359,13346008.577300001,7064657.9375,6281350.6398
1779271200000,0.1036,0.10407,0.10359,0.10383,6812180.800000001,3318721.1773,3493459.6227
1779274800000,0.10382,0.10394,0.10342,0.10363,9003837.7102,4698196.3552,4305641.355
1779278400000,0.10363,0.10442,0.10345,0.10409,10458421.2874,4673439.4738,5784981.8136
1779282000000,0.1041,0.10423,0.10297,0.1036,16161856.9853,8870417.4956,7291439.4897
1779285600000,0.1036,0.10452,0.10318,0.10431,24844882.876500003,12357339.0524,12487543.8241
1779289200000,0.1043,0.10492,0.10383,0.10416,29068619.0101,15855854.0092,13212765.0009
1779292800000,0.10415,0.10455,0.1036,0.10435,28131772.3007,14437914.059,13693858.2417
1779296400000,0.10435,0.10481,0.10411,0.10443,19521343.214900002,9521612.2796,9999730.9353
1779300000000,0.10444,0.10459,0.10395,0.10403,15729519.9987,7591168.2485,8138351.7502
1779303600000,0.10403,0.10446,0.10398,0.10421,9760000.7733,5416809.0622,4343191.7111
1779307200000,0.1042,0.10437,0.10369,0.10411,6755573.4647,3605935.7369,3149637.7278
1779310800000,0.10411,0.10421,0.10372,0.10373,11011647.879900001,5184650.5636,5826997.3163
1779314400000,0.10372,0.10374,0.10289,0.10353,4838804.8046,2172742.1475,2666062.6571
1779318000000,0.10353,0.1037,0.10322,0.10365,18154297.9794,7777546.0825,10376751.8969
1779321600000,0.10365,0.10459,0.10362,0.10449,7454029.215299999,3751079.9853,3702949.23
1779325200000,0.1045,0.1049,0.10435,0.10458,15458241.6591,7866708.4906,7591533.1685
1779328800000,0.10459,0.10523,0.10452,0.10504,16791953.8315,7899209.5138,8892744.3177
1779332400000,0.10504,0.1058,0.10487,0.10559,18310352.944,9292155.0556,9018197.8884
1779336000000,0.10558,0.10608,0.10503,0.10554,20141486.8968,10853084.3862,9288402.5106
1779339600000,0.10554,0.10589,0.10529,0.10585,24125766.3638,13394843.2784,10730923.0854
1779343200000,0.10586,0.10603,0.10478,0.10502,16284228.7242,7389693.2801,8894535.4441
1779346800000,0.10502,0.10573,0.10483,0.10558,32098794.0455,15892269.1897,16206524.8558
1779350400000,0.10558,0.10638,0.10552,0.10577,12404001.913800001,6051096.3932,6352905.5206
1779354000000,0.10577,0.10583,0.105,0.10519,28349786.6278,14243481.9094,14106304.7184
1779357600000,0.10518,0.1053,0.10376,0.10403,15200093.524500001,6581579.8404,8618513.6841
1779361200000,0.10403,0.10458,0.10385,0.10426,37231594.6416,18051410.24,19180184.4016
1779364800000,0.10426,0.10476,0.10402,0.10453,12112166.506299999,6257872.5605,5854293.9458
1779368400000,0.10454,0.10483,0.10378,0.10471,12362489.3551,6534035.0394,5828454.3157
1779372000000,0.10471,0.10487,0.10382,0.10418,21652394.5608,10363647.7522,11288746.8086
1779375600000,0.10419,0.10495,0.10391,0.10466,21338096.971699998,10227204.8795,11110892.0922
1779379200000,0.10466,0.10488,0.1042,0.10448,20254160.8174,10296437.7465,9957723.0709
1779382800000,0.10449,0.10647,0.10434,0.10614,11476125.5806,5393283.692,6082841.8886
1779386400000,0.10613,0.1063,0.10489,0.10543,44440578.9124,21653985.0783,22786593.8341
1779390000000,0.10543,0.10592,0.10534,0.10572,22440886.435000002,10760243.3977,11680643.0373
1779393600000,0.10573,0.10605,0.10555,0.1056,13821503.6546,6488696.2516,7332807.403
1779397200000,0.10561,0.10572,0.10536,0.10545,4363104.1266,2291404.9145,2071699.2121
1779400800000,0.10544,0.10557,0.10515,0.10538,3908960.9791,1824157.1243,2084803.8548
1779404400000,0.10537,0.10577,0.10514,0.10562,7866592.2652,3645218.8718,4221373.3934
1779408000000,0.10563,0.10566,0.10508,0.1051,6866803.9034,4065685.7051,2801118.1983
1779411600000,0.10509,0.10598,0.10499,0.10595,5683958.9913,3033719.7691,2650239.2222
1779415200000,0.10594,0.10623,0.10569,0.10593,9175218.685800001,4438784.2287,4736434.4571
1779418800000,0.10592,0.10618,0.10567,0.10584,9668716.4285,4862213.9629,4806502.4656
1779422400000,0.10585,0.10613,0.10559,0.10569,6993038.8674,3278410.9854,3714627.882
1779426000000,0.10569,0.10608,0.10545,0.10557,7388992.7335,3604313.0758,3784679.6577
1779429600000,0.10557,0.10567,0.10515,0.10524,7964682.0781,2984613.5412,4980068.5369
1779433200000,0.10523,0.10578,0.10487,0.10552,10703293.0225,6006801.8912,4696491.1313
1779436800000,0.10553,0.10598,0.10537,0.10575,12534196.065200001,5683344.2806,6850851.7846
1779440400000,0.10574,0.106,0.10547,0.1057,12819843.838,5496406.8987,7323436.9393
1779444000000,0.1057,0.10584,0.10548,0.10576,9328377.2142,3941750.4554,5386626.7588
1779447600000,0.10577,0.10639,0.10554,0.10635,5036687.5828,2808032.3664,2228655.2164
1779451200000,0.10636,0.10675,0.1061,0.10654,13900140.2283,7375494.9442,6524645.2841
1779454800000,0.10654,0.10666,0.10594,0.10644,22658865.0665,11233782.0612,11425083.0053
1779458400000,0.10644,0.10644,0.1052,0.1054,19145681.443800002,10124354.1245,9021327.3193
1779462000000,0.10539,0.10635,0.10517,0.10602,28183642.224600002,14349058.0976,13834584.127
1779465600000,0.10603,0.10633,0.10564,0.10599,26363096.0596,13186354.7602,13176741.2994
1779469200000,0.106,0.10622,0.10539,0.10541,11369480.212299999,4960931.0134,6408549.1989
1779472800000,0.1054,0.1055,0.10312,0.10423,16070467.2502,8069190.7531,8001276.4971
1779476400000,0.10422,0.10445,0.10263,0.10341,56597634.6695,27238342.8645,29359291.805
1779480000000,0.10342,0.10408,0.10339,0.10395,45423888.7526,23125439.844,22298448.9086
1779483600000,0.10395,0.10434,0.10387,0.10426,16294561.771200001,8091754.2383,8202807.5329
1779487200000,0.10426,0.10435,0.10314,0.10344,6457652.9716,3359899.9955,3097752.9761
1779490800000,0.10345,0.10376,0.1015,0.1023,10968846.9263,5179696.7567,5789150.1696
1779494400000,0.1023,0.10235,0.10062,0.10131,37188422.5521,15294170.3665,21894252.1856
1779498000000,0.10131,0.10184,0.10131,0.10177,50149519.7367,22616765.3271,27532754.4096
1779501600000,0.10177,0.10183,0.10146,0.10172,14084657.7162,7214937.8042,6869719.912
1779505200000,0.10172,0.10189,0.1016,0.10167,7777240.6713,4000730.3095,3776510.3618
1779508800000,0.10168,0.10174,0.10128,0.10149,5579272.8029,2708697.3012,2870575.5017
1779512400000,0.10149,0.10166,0.10111,0.10121,8523724.8312,3483025.6065,5040699.2247
1779516000000,0.10122,0.1013,0.10034,0.10086,14803905.3913,5846924.1296,8956981.2617
1779519600000,0.10085,0.10098,0.09656,0.09885,27040708.2279,13142366.0875,13898342.1404
1779523200000,0.09885,0.09973,0.09874,0.09965,94682612.567,38027960.8132,56654651.7538
1779526800000,0.09965,0.09981,0.09928,0.09934,33779907.3692,18361809.8289,15418097.5403
1779530400000,0.09934,0.09967,0.09931,0.09946,14682306.189,6873217.5197,7809088.6693
1779534000000,0.09946,0.09965,0.09918,0.0992,5807907.1029,3137687.4994,2670219.6035
1779537600000,0.09919,0.09922,0.09888,0.09913,4820285.1307,2353547.8353,2466737.2954
1779541200000,0.09912,0.1006,0.09912,0.10048,9602386.8417,4932471.3561,4669915.4856
1779544800000,0.10049,0.1011,0.10012,0.10096,27091331.981200002,15405738.9268,11685593.0544
1779548400000,0.10096,0.10198,0.10079,0.10102,23777086.6964,13579047.9103,10198038.7861
1779552000000,0.10102,0.10139,0.10072,0.10111,37901742.155499995,18097016.6292,19804725.5263
1779555600000,0.10112,0.10136,0.10095,0.1013,18195705.8477,9720918.4744,8474787.3733
1779559200000,0.1013,0.10275,0.10124,0.10229,6835653.5827,3906901.3297,2928752.253
1779562800000,0.10229,0.10265,0.1021,0.10251,21668490.9829,12088328.7434,9580162.2395
1779566400000,0.10251,0.1048,0.10222,0.10477,8158030.8266,4230930.1297,3927100.6969
1779570000000,0.10477,0.10508,0.10314,0.10357,39106714.382699996,21222685.2609,17884029.1218
1779573600000,0.10357,0.10391,0.10245,0.10293,24078052.8696,10339618.8471,13738434.0225
1779577200000,0.10292,0.10328,0.10281,0.10304,17354437.9414,7410018.2057,9944419.7357
1779580800000,0.10305,0.10331,0.10273,0.1031,8733180.676800001,5356916.9839,3376263.6929
1779584400000,0.10309,0.10331,0.10303,0.10322,9679872.2195,5304085.1414,4375787.0781
1779588000000,0.10322,0.10333,0.10276,0.10308,5649534.9259,2791846.3961,2857688.5298
1779591600000,0.10308,0.10325,0.10271,0.10292,5896043.0399,2435577.7335,3460465.3064
1779595200000,0.10292,0.10323,0.10286,0.10306,5323512.1218,2573849.5433,2749662.5785
1779598800000,0.10305,0.10305,0.10232,0.10284,4550386.7856,2364256.0742,2186130.7114
1779602400000,0.10283,0.10318,0.10266,0.10308,10696698.240400001,4904831.5843,5791866.6561
1779606000000,0.10309,0.1032,0.10277,0.10283,4405996.4792,2377770.6588,2028225.8204
1779609600000,0.10282,0.1029,0.10257,0.1028,5997751.365800001,2912568.1372,3085183.2286
1779613200000,0.10281,0.10324,0.1027,0.10323,6274299.2025,2884835.7142,3389463.4883
1779616800000,0.10323,0.10388,0.10284,0.10302,11898041.5973,7224728.2126,4673313.3847
1779620400000,0.10302,0.10359,0.10285,0.10325,19954107.8164,9685611.2842,10268496.5322
1779624000000,0.10326,0.10329,0.10272,0.10291,21176177.6586,10045341.8095,11130835.8491
1779627600000,0.10291,0.10324,0.10253,0.10285,8322839.2521,2923239.1836,5399600.0685
1779631200000,0.10286,0.10292,0.10103,0.1021,8738571.4908,3858673.6609,4879897.8299
1779634800000,0.1021,0.10219,0.1018,0.1019,35427021.3533,15228116.1984,20198905.1549
1779638400000,0.10191,0.10241,0.10184,0.10222,7905074.5427,3232647.0645,4672427.4782
1779642000000,0.10221,0.10246,0.10201,0.10229,10228589.7164,5541419.6701,4687170.0463
1779645600000,0.1023,0.1024,0.10185,0.10194,5983018.0065,2896689.2191,3086328.7874
1779649200000,0.10194,0.10215,0.10175,0.10205,6437257.4797,3172151.4121,3265106.0676
1779652800000,0.10206,0.10212,0.10162,0.10174,3712444.7378000002,1883625.6238,1828819.114
1779656400000,0.10174,0.10201,0.10045,0.1006,5314049.771600001,1952078.1851,3361971.5865
1779660000000,0.1006,0.10206,0.1006,0.10163,17818795.4752,6266133.4055,11552662.0697
1779663600000,0.10164,0.10246,0.10164,0.10221,16496887.2067,8570094.4758,7926792.7309
1779667200000,0.10221,0.10281,0.10221,0.1025,9285583.2181,5626214.39,3659368.8281
1779670800000,0.1025,0.10264,0.10165,0.10175,12163862.394299999,5994161.334,6169701.0603
1779674400000,0.10174,0.1026,0.10174,0.10214,9401969.3954,3590723.9724,5811245.423
1779678000000,0.10213,0.10227,0.10165,0.10195,10439293.2603,5169912.0883,5269381.172
1779681600000,0.10196,0.10271,0.10173,0.10252,9339485.0513,3563387.4422,5776097.6091
1779685200000,0.10251,0.10305,0.10243,0.10291,11661910.7746,6217225.7467,5444685.0279
1779688800000,0.10291,0.10312,0.10236,0.1029,11236446.6622,6684555.6066,4551891.0556
1779692400000,0.10291,0.10328,0.10243,0.10276,9166255.2782,4524722.3419,4641532.9363
1779696000000,0.10276,0.10283,0.10253,0.10272,10692414.543499999,5297615.0619,5394799.4816
1779699600000,0.10271,0.10287,0.10231,0.10263,3764340.8554,1997234.7918,1767106.0636
1779703200000,0.10264,0.10298,0.10259,0.10289,18064878.5574,10567645.6358,7497232.9216
1779706800000,0.10288,0.10301,0.10261,0.10283,7462376.9487,2949492.1784,4512884.7703
1779710400000,0.10283,0.10308,0.10262,0.10277,6848456.2697,3049212.6149,3799243.6548
1779714000000,0.10277,0.10288,0.10265,0.10287,6591549.2193,2945642.7422,3645906.4771
1779717600000,0.10288,0.10326,0.10286,0.10319,5557514.0852,2639812.0837,2917702.0015
1779721200000,0.10319,0.10357,0.10277,0.10295,11309297.314,6508070.9319,4801226.3821
1779724800000,0.10295,0.10378,0.10277,0.10344,13904728.2872,7144317.618,6760410.6692
1779728400000,0.10345,0.10357,0.10311,0.10321,11790334.4395,6739585.9455,5050748.494
1779732000000,0.10321,0.10349,0.10298,0.10304,9653236.3688,4581070.7366,5072165.6322
1779735600000,0.10304,0.10308,0.10263,0.10273,4213068.4071,2203244.0676,2009824.3395
1779739200000,0.10273,0.10288,0.10227,0.10232,6409022.2793000005,2491241.9109,3917780.3684
1779742800000,0.10232,0.10261,0.10211,0.10228,8553891.7886,3994962.6155,4558929.1731
1779746400000,0.10228,0.10243,0.10162,0.10169,5137089.658600001,2801865.0512,2335224.6074
1779750000000,0.10168,0.10224,0.10158,0.10208,10237054.5466,4354280.0982,5882774.4484
1779753600000,0.10209,0.10216,0.10066,0.10125,7084038.972,4107855.2081,2976183.7639
1779757200000,0.10125,0.10131,0.10034,0.10062,19802989.746600002,7672210.2575,12130779.4891
1779760800000,0.10063,0.10094,0.10046,0.10088,19189886.362999998,10662268.5815,8527617.7815
1779764400000,0.10088,0.10107,0.10047,0.10106,13100250.7819,7603714.1836,5496536.5983
1779768000000,0.10106,0.10145,0.10093,0.10131,7593014.6715,3899578.9467,3693435.7248
1779771600000,0.1013,0.10209,0.10118,0.10172,7568942.465299999,4278610.852,3290331.6133
1779775200000,0.10173,0.10175,0.10125,0.10152,11096201.7624,5999618.5051,5096583.2573
1779778800000,0.10153,0.10159,0.10085,0.1011,8265145.6603999995,3660162.0727,4604983.5877
1779782400000,0.10111,0.10133,0.10094,0.10122,9765689.7343,4657134.1863,5108555.548
1779786000000,0.10122,0.10143,0.10102,0.10113,8442436.5442,3484823.5335,4957613.0107
1779789600000,0.10113,0.10252,0.10096,0.10229,5423953.0879,2849650.3867,2574302.7012
1779793200000,0.10229,0.10254,0.10209,0.10237,27130089.5405,14999132.6514,12130956.8891
1779796800000,0.10237,0.10275,0.10212,0.10268,11926065.9355,5868144.315,6057921.6205
1779800400000,0.10267,0.10296,0.10181,0.10273,15602827.396000002,7504499.9016,8098327.4944
1779804000000,0.10273,0.10381,0.1023,0.10283,22289759.6839,11063740.0961,11226019.5878
1779807600000,0.10282,0.10299,0.10131,0.10198,43894457.2748,21533213.1626,22361244.1122
1779811200000,0.10197,0.10208,0.10109,0.10144,31370235.8243,15640862.4255,15729373.3988
1779814800000,0.10144,0.10168,0.10017,0.10097,20825657.9778,10054918.6481,10770739.3297
1779818400000,0.10098,0.10142,0.10063,0.10079,33058483.9621,15921760.8833,17136723.0788
1779822000000,0.10079,0.10128,0.10041,0.10105,7565665.4523,4085119.2498,3480546.2025
1779825600000,0.10106,0.10134,0.10095,0.10116,7101102.2458,3887432.613,3213669.6328
1779829200000,0.10116,0.10121,0.10054,0.10073,3875920.7367000002,1528824.0046,2347096.7321
1779832800000,0.10073,0.10118,0.1006,0.10088,4993142.861099999,2301386.8322,2691756.0289
1779836400000,0.10088,0.10125,0.10088,0.10097,6507773.2197,3036085.1647,3471688.055
1779840000000,0.10098,0.10182,0.10097,0.10178,3636265.5052,1978816.0003,1657449.5049
1779843600000,0.10178,0.10183,0.10132,0.1015,8745755.0928,4766356.0168,3979399.076
1779847200000,0.1015,0.10154,0.10103,0.10152,5323187.601,2473757.2995,2849430.3015
1779850800000,0.10153,0.1017,0.10096,0.10116,7605785.3993999995,3074931.681,4530853.7184
1779854400000,0.10116,0.1016,0.1002,0.10151,7131907.4545,2945869.2494,4186038.2051
1779858000000,0.10151,0.1017,0.10127,0.10164,20522035.1043,9553285.9211,10968749.1832
1779861600000,0.10165,0.10224,0.10136,0.10216,10622358.5112,4795656.1337,5826702.3775
1779865200000,0.10216,0.1023,0.10186,0.10211,10639113.5164,5450829.4011,5188284.1153
1779868800000,0.10211,0.1025,0.10193,0.10209,9010575.5108,5006648.4984,4003927.0124
1779872400000,0.10209,0.10216,0.10157,0.10189,11340624.1545,5820010.68,5520613.4745
1779876000000,0.10188,0.10215,0.10155,0.10166,10769267.8487,4719655.2408,6049612.6079
1779879600000,0.10166,0.10194,0.10161,0.10167,8303398.1612,4079283.8181,4224114.3431
1779883200000,0.10167,0.10239,0.10112,0.10199,6428624.0625,3481262.4678,2947361.5947
1779886800000,0.10199,0.1021,0.10065,0.10133,25583760.853600003,11858078.6983,13725682.1553
1779890400000,0.10134,0.10188,0.10081,0.10154,25843288.1531,12446100.6202,13397187.5329
1779894000000,0.10154,0.10332,0.10148,0.10253,22644506.3814,10965208.1171,11679298.2643
1779897600000,0.10253,0.10283,0.10153,0.10196,37899832.4638,20193813.9401,17706018.5237
1779901200000,0.10197,0.102,0.10095,0.10121,18505247.960100003,8556644.0624,9948603.8977
1779904800000,0.1012,0.10182,0.10092,0.10175,16360239.421100002,7209804.449,9150434.9721
1779908400000,0.10175,0.10225,0.10172,0.10215,8106182.932700001,4631653.0464,3474529.8863
1779912000000,0.10215,0.10238,0.10184,0.10208,7024500.003699999,3384029.7035,3640470.3002
1779915600000,0.10208,0.10209,0.09915,0.10035,5928771.5129,2602414.7896,3326356.7233
1779919200000,0.10035,0.10096,0.10006,0.10038,31000305.883199997,11707723.9819,19292581.9013
1779922800000,0.10038,0.10069,0.09992,0.10043,18652991.494000003,9860866.3122,8792125.1818
1779926400000,0.10042,0.10081,0.10027,0.10049,11341910.5387,5334398.4032,6007512.1355
1779930000000,0.10048,0.10058,0.09978,0.10048,6475674.9316,3073390.8893,3402284.0423
1779933600000,0.10048,0.10061,0.10006,0.10018,13028786.8453,6262679.5518,6766107.2935
1779937200000,0.10018,0.1002,0.09793,0.09818,9197092.345900001,5355196.644,3841895.7019
1779940800000,0.09818,0.09829,0.09702,0.09819,68100135.947,28086622.6444,40013513.3026
1779944400000,0.09818,0.09827,0.09713,0.09748,37280757.202199996,19260454.843,18020302.3592
1779948000000,0.09748,0.09812,0.09737,0.09794,19877289.485600002,8590330.0203,11286959.4653
1779951600000,0.09794,0.09877,0.09775,0.09865,11411526.7696,7115193.5314,4296333.2382
1779955200000,0.09866,0.0987,0.09805,0.09823,14738295.5556,7659823.262,7078472.2936
1779958800000,0.09824,0.09873,0.09823,0.09864,6855250.2099,3402037.1911,3453213.0188
1779962400000,0.09864,0.09881,0.09805,0.09807,5731104.388800001,3506055.1855,2225049.2033
1779966000000,0.09806,0.09817,0.09773,0.09803,8870644.4411,3948135.4159,4922509.0252
1779969600000,0.09802,0.09811,0.09736,0.09806,8211115.516,4013729.2609,4197386.2551
1779973200000,0.09805,0.09835,0.09731,0.09768,11405982.4414,5666836.6615,5739145.7799
1779976800000,0.09768,0.09868,0.09635,0.09824,15630634.2082,7915918.5016,7714715.7066
1779980400000,0.09824,0.09865,0.09752,0.0984,51325456.916899994,23152240.5829,28173216.334
1779984000000,0.0984,0.09942,0.0979,0.0994,13884367.500300001,6899585.3958,6984782.1045
1779987600000,0.0994,0.10038,0.09915,0.0999,17958067.9668,10105372.1412,7852695.8256
1779991200000,0.0999,0.10047,0.09986,0.10016,19652365.2821,10033287.754,9619077.5281
1779994800000,0.10017,0.10019,0.09945,0.09948,11938449.432500001,5309201.8914,6629247.5411
1779998400000,0.09948,0.10002,0.09908,0.09972,8064159.2814,3414321.5949,4649837.6865
1780002000000,0.09973,0.10047,0.09965,0.09995,8006173.730799999,4504399.6191,3501774.1117
1780005600000,0.09995,0.10017,0.09923,0.09942,8675890.7761,4391447.6069,4284443.1692
1780009200000,0.09942,0.0998,0.09936,0.09952,6245549.6481,2457994.9484,3787554.6997
1780012800000,0.09951,0.10006,0.09951,0.09985,5595892.03,2507070.8242,3088821.2058
1780016400000,0.09986,0.10004,0.09932,0.09951,7269827.5911,3634843.293,3634984.2981
1780020000000,0.09951,0.09967,0.09883,0.09893,6637340.1877,2960389.1543,3676951.0334
1780023600000,0.09894,0.09954,0.09894,0.09905,9389449.3339,3980267.7179,5409181.616
1780027200000,0.09904,0.09923,0.0986,0.09921,6825474.7719,3518002.7712,3307472.0007
1780030800000,0.09921,0.0996,0.09914,0.09953,9792980.525400002,4646071.7828,5146908.7426
1780034400000,0.09953,0.09982,0.09926,0.09956,7337870.0273,3704396.7522,3633473.2751
1780038000000,0.09956,0.09972,0.09902,0.09958,5993931.3566,3105512.6062,2888418.7504
1780041600000,0.09957,0.09986,0.09939,0.09945,6797217.3631,3470605.7824,3326611.5807
1780045200000,0.09945,0.09983,0.09938,0.09969,7239072.7329,3432796.444,3806276.2889
1780048800000,0.09968,0.09973,0.09935,0.09967,4835182.027,2001281.0605,2833900.9665
1780052400000,0.09966,0.09968,0.09865,0.09905,4384471.7611,2232721.1584,2151750.6027
1780056000000,0.09905,0.09911,0.09836,0.0986,11634117.7291,4708126.1968,6925991.5323
1780059600000,0.09859,0.09874,0.09793,0.09836,12786211.7077,5604706.4764,7181505.2313
1780063200000,0.09836,0.09907,0.09734,0.09883,20611941.9412,9630473.3081,10981468.6331
1780066800000,0.09884,0.10113,0.0987,0.10033,32093962.4217,15204981.9116,16888980.5101
1780070400000,0.10034,0.10087,0.09983,0.10052,59227125.0107,31536226.8019,27690898.2088
1780074000000,0.10052,0.10083,0.10015,0.10032,23820555.3309,12511087.2555,11309468.0754
1780077600000,0.10032,0.10053,0.09925,0.09962,14168223.459,7419727.8008,6748495.6582
1780081200000,0.09962,0.10015,0.09913,0.10003,14640852.1632,6189756.7873,8451095.3759
1780084800000,0.10003,0.10027,0.09984,0.10005,13512963.0695,7387436.0972,6125526.9723
1780088400000,0.10006,0.10046,0.09952,0.09952,5360642.1481,2768203.9912,2592438.1569
1780092000000,0.09953,0.0999,0.09935,0.09976,6775912.6175,2739563.9452,4036348.6723
1780095600000,0.09976,0.09996,0.09942,0.09965,5495278.683800001,2838474.8347,2656803.8491
1780099200000,0.09965,0.10016,0.09942,0.10008,4787934.9558,2574929.8787,2213005.0771
1780102800000,0.10008,0.10088,0.09996,0.10087,6178520.2556,3584882.7298,2593637.5258
1780106400000,0.10088,0.10155,0.10088,0.10154,12449680.593,6897651.6496,5552028.9434
1780110000000,0.10153,0.10176,0.10095,0.10104,19341285.841700003,9104817.447,10236468.3947
1780113600000,0.10105,0.10133,0.10014,0.10074,16323807.477899998,8038862.5194,8284944.9585
1780117200000,0.10074,0.10143,0.10063,0.1014,20650801.7205,9425356.7573,11225444.9632
1780120800000,0.1014,0.10168,0.10116,0.10133,9730539.415,6005984.8358,3724554.5792
1780124400000,0.10132,0.10139,0.10094,0.10123,9155231.824499998,4526627.7919,4628604.0326
1780128000000,0.10123,0.10125,0.10076,0.10078,6664876.4157,3116366.5287,3548509.887
1780131600000,0.10078,0.10099,0.10065,0.10089,4696508.0553,1995587.5325,2700920.5228
1780135200000,0.10088,0.10097,0.1007,0.10076,4030300.8918,2368711.1094,1661589.7824
1780138800000,0.10076,0.10091,0.10051,0.10081,4032150.8168,2297187.8512,1734962.9656
1780142400000,0.10081,0.10091,0.10066,0.1009,4102510.0355,2067466.2041,2035043.8314
1780146000000,0.1009,0.10109,0.10067,0.10093,3685768.4575,1995888.882,1689879.5755
1780149600000,0.10093,0.10142,0.10093,0.10114,4818795.0202,2492626.1444,2326168.8758
1780153200000,0.10114,0.10148,0.10102,0.10128,8182758.6501,4136226.4202,4046532.2299
1780156800000,0.10129,0.10162,0.10125,0.10148,6179551.2524999995,3577465.8648,2602085.3877
1780160400000,0.10149,0.10155,0.1011,0.10152,5933973.7806,3297929.8,2636043.9806
1780164000000,0.10152,0.10165,0.10121,0.10145,4930435.2568,2068645.9612,2861789.2956
1780167600000,0.10145,0.10145,0.10118,0.10135,3662984.0358,1559372.304,2103611.7318
1780171200000,0.10135,0.10148,0.10113,0.10123,2964352.9157999996,1824435.9211,1139916.9947
1780174800000,0.10124,0.10147,0.10118,0.10124,4607755.6708,2146826.8265,2460928.8443
1780178400000,0.10124,0.10124,0.10039,0.10064,3465593.0864000004,2478935.7938,986657.2926
1780182000000,0.10064,0.10078,0.10035,0.10056,10087235.1756,4500685.6682,5586549.5074
1780185600000,0.10057,0.10088,0.10041,0.10083,7408823.3158,4329236.9083,3079586.4075
1780189200000,0.10083,0.10116,0.10077,0.1008,8140041.484,4888422.2624,3251619.2216
1780192800000,0.10081,0.10137,0.10076,0.10112,7360290.9819,3731744.9675,3628546.0144
1780196400000,0.10112,0.10134,0.10103,0.10126,9475692.6816,4077528.8259,5398163.8557
1780200000000,0.10125,0.10131,0.10104,0.1012,4817352.2704,1921853.1843,2895499.0861
1780203600000,0.1012,0.10123,0.10078,0.10089,3719794.2244,1600878.173,2118916.0514
1780207200000,0.10089,0.10092,0.10068,0.10087,4503261.6305,1956634.68,2546626.9505
1780210800000,0.10087,0.10087,0.10014,0.10054,4462496.489800001,2468094.7814,1994401.7084
1780214400000,0.10054,0.10073,0.10039,0.10058,11697959.1248,5424208.2871,6273750.8377
1780218000000,0.10059,0.10079,0.10038,0.10051,5240286.304099999,2738170.9416,2502115.3625
1780221600000,0.10051,0.1006,0.10019,0.1006,5795460.9043000005,2471645.9565,3323814.9478
1780225200000,0.10059,0.10098,0.10059,0.10073,5949422.9635,3457486.7545,2491936.209
1780228800000,0.10072,0.10091,0.10058,0.10082,6866410.8518,2789701.1311,4076709.7207
1780232400000,0.10083,0.10117,0.10075,0.10083,4958220.4289,2575789.9287,2382430.5002
1780236000000,0.10082,0.10085,0.09949,0.09998,6691567.8079,3502056.7412,3189511.0667
1780239600000,0.09998,0.10034,0.0998,0.09982,29201666.9872,13961629.9743,15240037.0129
1780243200000,0.09981,0.09995,0.09894,0.09931,6852238.6620000005,2909190.0519,3943048.6101
1780246800000,0.0993,0.09953,0.099,0.09941,25603840.7934,11573319.7552,14030521.0382
1780250400000,0.09941,0.09953,0.09921,0.09945,10136454.176800001,5102256.4024,5034197.7744
1780254000000,0.09944,0.09956,0.09911,0.09948,3502909.3794,1611968.9537,1890940.4257
1780257600000,0.09949,0.09988,0.09939,0.09982,7282011.2813,3981549.5382,3300461.7431
1780261200000,0.09981,0.10037,0.0996,0.10025,6215433.8087,2083653.9921,4131779.8166
1780264800000,0.10026,0.10062,0.09998,0.10038,6534623.5228,3101885.0269,3432738.4959
1780268400000,0.1004,0.10094,0.09984,0.10036,8639240.9528,3472152.7742,5167088.1786
1780272000000,0.10037,0.10109,0.10023,0.10089,12639281.4292,6064274.27,6575007.1592
1780275600000,0.10089,0.10093,0.09981,0.09982,13743629.933,6394625.1063,7349004.8267
1780279200000,0.09982,0.10116,0.09965,0.10098,13209407.9004,5396729.8955,7812678.0049
1780282800000,0.10097,0.1015,0.10094,0.10104,17094963.1994,9066534.5468,8028428.6526
1780286400000,0.10105,0.10125,0.10007,0.10066,14635716.7397,7558873.0306,7076843.7091
1780290000000,0.10065,0.10072,0.09995,0.10027,18632438.4581,9904903.338,8727535.1201
1780293600000,0.10027,0.10033,0.09967,0.10014,12661274.810800001,5720892.0083,6940382.8025
1780297200000,0.10014,0.1002,0.09905,0.09917,20194829.1572,11144721.8836,9050107.2736
1780300800000,0.09917,0.09984,0.09905,0.09979,25249894.938699998,13696343.1858,11553551.7529
1780304400000,0.09979,0.10024,0.09973,0.10002,16251854.706799999,9195863.1283,7055991.5785
1780308000000,0.10002,0.10028,0.0997,0.10015,19109528.8814,8216710.9467,10892817.9347
1780311600000,0.10016,0.10025,0.09962,0.09987,10495785.1503,5491664.9358,5004120.2145
1780315200000,0.09988,0.1001,0.09916,0.09992,8500679.925999999,3989083.6873,4511596.2387
1780318800000,0.09992,0.10002,0.09836,0.09912,21934654.7253,11580242.7481,10354411.9772
1780322400000,0.09912,0.09939,0.09848,0.09869,46186622.0486,21858082.9736,24328539.075
1780326000000,0.09869,0.09892,0.09795,0.09828,27229635.3788,12569357.9384,14660277.4404
1780329600000,0.09828,0.09955,0.09773,0.09953,34230782.590900004,15894613.7915,18336168.7994
1780333200000,0.09953,0.1004,0.09943,0.10008,29665910.8772,16110303.6841,13555607.1931
1780336800000,0.10007,0.10035,0.09972,0.09989,32495809.6604,16135973.5498,16359836.1106
1780340400000,0.09989,0.1006,0.09971,0.10055,10730168.901099999,4969873.253,5760295.6481
1780344000000,0.10056,0.10075,0.10025,0.10058,12415069.902600002,6739916.9006,5675153.002
1780347600000,0.10057,0.10058,0.09972,0.09984,7715249.6036,4065660.5425,3649589.0611
1780351200000,0.09984,0.10087,0.09947,0.10077,9034977.6765,3995766.8717,5039210.8048
1780354800000,0.10078,0.10106,0.10042,0.10102,13501180.5208,7697939.5122,5803241.0086
1780358400000,0.10103,0.10118,0.10053,0.10084,14026547.309799999,7517420.2118,6509127.098
1780362000000,0.10084,0.10098,0.09992,0.10008,13322760.0219,6692236.8132,6630523.2087
1780365600000,0.10007,0.10077,0.09937,0.10077,19041707.647,10189210.5364,8852497.1106
1780369200000,0.10076,0.10095,0.10051,0.10087,29524881.7285,13592417.781,15932463.9475
1780372800000,0.10087,0.10098,0.10016,0.1002,13129788.7072,6960846.9084,6168941.7988
1780376400000,0.1002,0.10029,0.09942,0.09952,16950343.6745,8089163.8342,8861179.8403
1780380000000,0.09951,0.09967,0.09883,0.09924,20125511.652599998,9895818.9408,10229692.7118
1780383600000,0.09924,0.0995,0.09859,0.09917,30043751.9937,15195646.8702,14848105.1235
1780387200000,0.09917,0.09944,0.09898,0.09918,24145969.2741,11989194.2802,12156774.9939
1780390800000,0.09919,0.09922,0.09841,0.09875,9205930.8345,4261121.9054,4944808.9291
1780394400000,0.09875,0.09933,0.09858,0.09928,16047835.1224,7357062.1687,8690772.9537
1780398000000,0.09927,0.09928,0.09865,0.09872,10242248.699099999,5199773.5089,5042475.1902
1780401600000,0.09872,0.09894,0.09836,0.09869,10512416.5269,5085607.4984,5426809.0285
1780405200000,0.0987,0.09895,0.09828,0.09843,13993603.742800001,6154417.0624,7839186.6804
1780408800000,0.09844,0.09848,0.09527,0.09629,15119328.7948,6987706.7039,8131622.0909
1780412400000,0.09628,0.0964,0.09344,0.09481,93149246.8677,41882884.8406,51266362.0271
1780416000000,0.09482,0.09633,0.09456,0.09525,76832917.14570001,35005670.3706,41827246.7751
1780419600000,0.09526,0.09605,0.09521,0.09557,35432475.6866,19330457.5976,16102018.089
1780423200000,0.09558,0.09585,0.09397,0.09444,14301106.955400001,8228221.6687,6072885.2867
1780426800000,0.09444,0.09464,0.09243,0.09402,21480799.724799998,8335383.4144,13145416.3104
1780430400000,0.09403,0.09447,0.09327,0.09416,38088829.9412,16247641.9786,21841187.9626
1780434000000,0.09416,0.09489,0.09387,0.09422,12086679.6205,6782759.4508,5303920.1697
1780437600000,0.09421,0.09421,0.09176,0.09219,11448928.378899999,6901806.1811,4547122.1978
1780441200000,0.09219,0.09286,0.0911,0.09272,42111744.1381,17227838.1991,24883905.939
1780444800000,0.09272,0.09354,0.09251,0.09317,43130477.7678,19700487.2373,23429990.5305
1780448400000,0.09317,0.09332,0.09231,0.09309,15899638.7873,7824047.4098,8075591.3775
1780452000000,0.09309,0.09313,0.09245,0.09269,16495759.6088,9343997.3897,7151762.2191
1780455600000,0.09269,0.09283,0.09075,0.09152,9778209.2873,4095613.7273,5682595.56
1780459200000,0.09152,0.09283,0.09151,0.09283,28076312.2878,12037768.6623,16038543.6255
1780462800000,0.09282,0.09416,0.09282,0.09396,17309412.9339,9246571.6678,8062841.2661
1780466400000,0.09395,0.0945,0.09374,0.09385,30010289.4571,16833677.721,13176611.7361
1780470000000,0.09386,0.09449,0.09365,0.09413,16388052.2738,8137734.7317,8250317.5421
1780473600000,0.09412,0.09417,0.09366,0.09392,8179699.9484,4242726.3078,3936973.6406
1780477200000,0.09392,0.09419,0.09339,0.09376,9954680.9638,4467468.7084,5487212.2554
1780480800000,0.09376,0.09443,0.0937,0.09424,9766473.012,5074886.9939,4691586.0181
1780484400000,0.09424,0.09449,0.09366,0.09392,9452720.6634,4411041.6995,5041678.9639
1780488000000,0.09392,0.09429,0.09363,0.09406,8845315.7196,4309539.1122,4535776.6074
1780491600000,0.09407,0.09435,0.09373,0.09415,8388302.0075,4218470.7343,4169831.2732
1780495200000,0.09414,0.0942,0.09309,0.09367,9808225.6182,4999879.9522,4808345.666
1780498800000,0.09367,0.09382,0.09272,0.09277,15978246.3854,6929899.3445,9048347.0409
1780502400000,0.09278,0.09302,0.09153,0.09238,22056100.2146,10555768.0164,11500332.1982
1780506000000,0.09238,0.09303,0.09157,0.09257,29057969.3189,13759756.0875,15298213.2314
1780509600000,0.09257,0.09298,0.09197,0.09284,17967554.715800002,9176527.6159,8791027.0999
1780513200000,0.09284,0.09292,0.09151,0.09173,10103841.1577,4552958.1168,5550883.0409
1780516800000,0.09172,0.09233,0.0905,0.09109,15993744.2715,7162843.6119,8830900.6596
1780520400000,0.09109,0.09308,0.09083,0.09292,25844969.694,10591768.3849,15253201.3091
1780524000000,0.09292,0.09322,0.09175,0.09204,18133190.5729,9958148.8167,8175041.7562
1780527600000,0.09205,0.09208,0.09107,0.09135,12572986.6549,5506892.5336,7066094.1213
1780531200000,0.09134,0.09183,0.08977,0.09065,12757999.5455,6090452.0187,6667547.5268
1780534800000,0.09065,0.09105,0.08818,0.08847,34394235.0125,14935497.8468,19458737.1657
1780538400000,0.08848,0.08988,0.08561,0.08931,50696012.064899996,20350092.8546,30345919.2103
1780542000000,0.08931,0.09145,0.08931,0.09127,90516534.86269999,43883235.171,46633299.6917
1780545600000,0.09127,0.09154,0.0906,0.09072,30729909.674900003,16309685.8987,14420223.7762
1780549200000,0.09071,0.09072,0.08946,0.09001,18145442.5964,8759894.66,9385547.9364
1780552800000,0.09001,0.09091,0.08963,0.08976,27287612.6957,13994254.094,13293358.6017
1780556400000,0.08977,0.08985,0.08868,0.08871,19443188.6655,9863215.7495,9579972.916
1780560000000,0.08871,0.08915,0.08789,0.08874,22387896.2639,9705726.844,12682169.4199
1780563600000,0.08874,0.08876,0.0869,0.08797,23597182.0448,12458292.4383,11138889.6065
1780567200000,0.08797,0.08798,0.08661,0.08701,31648450.5413,14701635.2735,16946815.2678
1780570800000,0.08701,0.08804,0.08678,0.08789,37186616.1023,15579575.314,21607040.7883
1780574400000,0.08789,0.08964,0.0876,0.08948,21277422.5202,10111538.5318,11165883.9884
1780578000000,0.08948,0.08956,0.08794,0.08937,27349392.0766,15188958.4674,12160433.6092
1780581600000,0.08937,0.08967,0.08889,0.0893,30048851.5905,13578759.2387,16470092.3518
1780585200000,0.08929,0.09014,0.08909,0.08949,15409246.7806,7803460.1907,7605786.5899
1780588800000,0.08949,0.08955,0.08871,0.08916,16502528.190100001,8395223.0203,8107305.1698
1780592400000,0.08916,0.08959,0.08838,0.08932,11904155.3288,5861791.7881,6042363.5407
1780596000000,0.08933,0.08999,0.08851,0.08945,19134669.9578,10327224.038,8807445.9198
1780599600000,0.08945,0.08979,0.08876,0.08903,15174045.824299999,8156621.1208,7017424.7035
1780603200000,0.08904,0.08907,0.08831,0.08869,9629175.9226,4719882.2897,4909293.6329
1780606800000,0.08869,0.08899,0.08695,0.08721,7938192.3893,3609126.962,4329065.4273
1780610400000,0.08721,0.08814,0.0869,0.08805,16282342.6951,7460464.4177,8821878.2774
1780614000000,0.08804,0.08861,0.08745,0.08851,18322179.3819,10125096.049,8197083.3329
1780617600000,0.0885,0.08873,0.08768,0.08776,11722403.4428,5771007.3405,5951396.1023
1780621200000,0.08775,0.08827,0.08693,0.08789,13436964.3156,6215216.4725,7221747.8431
1780624800000,0.08789,0.08795,0.08605,0.08616,19337481.1418,9178249.5337,10159231.6081
1780628400000,0.08617,0.08691,0.08583,0.08589,26059394.4694,10642986.4394,15416408.03
1780632000000,0.0859,0.08714,0.08565,0.08681,23027700.6494,10855732.1655,12171968.4839
1780635600000,0.08681,0.08703,0.08478,0.08502,38635001.6839,18637185.5109,19997816.173
1780639200000,0.08503,0.08523,0.08194,0.08369,41004198.3239,16815300.5185,24188897.8054
1780642800000,0.0837,0.08503,0.08223,0.08495,90629147.76840001,39864048.9025,50765098.8659
1780646400000,0.08495,0.08496,0.08326,0.08355,44909949.7576,22280116.8379,22629832.9197
1780650000000,0.08355,0.08496,0.08353,0.08493,20275721.8437,8310811.6052,11964910.2385
1780653600000,0.08493,0.08542,0.08439,0.08468,24123411.7461,12615012.4023,11508399.3438
1780657200000,0.08468,0.08493,0.08396,0.08397,14632546.4737,7655521.9928,6977024.4809
1780660800000,0.08396,0.08422,0.0828,0.08358,17300719.1576,7714055.2282,9586663.9294
1780664400000,0.08357,0.08486,0.08192,0.08197,36335187.2556,17520223.9826,18814963.273
1780668000000,0.08197,0.08353,0.08127,0.0827,46909812.5985,20686941.2647,26222871.3338
1780671600000,0.0827,0.08281,0.08087,0.08148,52619893.3872,27030124.31,25589769.0772
1780675200000,0.08147,0.08338,0.08018,0.08316,55432150.6044,25714735.829,29717414.7754
1780678800000,0.08316,0.08341,0.08211,0.08255,78182857.2249,36933489.0425,41249368.1824
1780682400000,0.08256,0.08294,0.07961,0.07995,22579442.5774,10951193.5898,11628248.9876
1780686000000,0.07996,0.08179,0.0789,0.08098,57240187.355299994,26296254.4172,30943932.9381
1780689600000,0.08098,0.08279,0.08002,0.08247,52029451.3855,25259025.9097,26770425.4758
1780693200000,0.08246,0.0836,0.08235,0.08309,32113173.2091,17381910.8256,14731262.3835
1780696800000,0.08309,0.08312,0.08199,0.08277,18623370.7621,9406390.0035,9216980.7586
1780700400000,0.08277,0.08312,0.08044,0.08143,14027322.4857,6358476.455,7668846.0307
1780704000000,0.08142,0.08299,0.0814,0.08273,18092738.6845,8135010.8733,9957727.8112
1780707600000,0.08273,0.08295,0.08177,0.08185,14607838.555599999,7912816.5507,6695022.0049
1780711200000,0.08184,0.08193,0.08102,0.08141,9770985.6513,4364975.5103,5406010.141
1780714800000,0.0814,0.0814,0.08046,0.08101,13268533.7614,7313838.1728,5954695.5886
1780718400000,0.081,0.08144,0.07777,0.07855,15196519.1523,7328943.8954,7867575.2569
1780722000000,0.07855,0.08076,0.07757,0.08047,56625601.1067,25760657.1657,30864943.941
1780725600000,0.08048,0.08146,0.0802,0.08031,50704336.4484,24515352.1089,26188984.3395
1780729200000,0.08031,0.08175,0.08018,0.08145,23729765.166100003,10615189.8307,13114575.3354
1780732800000,0.08145,0.08243,0.08109,0.08218,17985443.8949,9422771.0249,8562672.87
1780736400000,0.08218,0.08251,0.08105,0.0813,19513401.598399997,10601246.3458,8912155.2526
1780740000000,0.0813,0.08131,0.07984,0.08053,18949657.9823,8836901.2759,10112756.7064
1780743600000,0.08053,0.08157,0.08045,0.08122,31984531.6368,14641763.8072,17342767.8296
1780747200000,0.08122,0.08235,0.08086,0.082,15427129.923700001,8564297.9271,6862831.9966
1780750800000,0.08199,0.08238,0.08142,0.08182,22990289.6713,11864522.5726,11125767.0987
1780754400000,0.08182,0.08252,0.0817,0.08191,13989384.161899999,7005724.7724,6983659.3895
1780758000000,0.08192,0.08208,0.08084,0.08162,20503834.4837,10767714.9444,9736119.5393
1780761600000,0.08162,0.08203,0.08063,0.08119,25136218.0983,12948530.5036,12187687.5947
1780765200000,0.08119,0.08133,0.08037,0.08058,17565994.1054,9095313.7021,8470680.4033
1780768800000,0.08057,0.08127,0.08048,0.08091,14659075.882199999,6575720.5693,8083355.3129
1780772400000,0.08091,0.08134,0.08062,0.08064,8835021.8724,4903765.2,3931256.6724
1780776000000,0.08063,0.08092,0.08041,0.08082,9106941.5946,5314340.3118,3792601.2828
1780779600000,0.08083,0.08175,0.08082,0.08114,8962870.864599999,4619443.3982,4343427.4664
1780783200000,0.08114,0.0816,0.08096,0.08128,9250183.1756,5446983.8316,3803199.344
1780786800000,0.08127,0.08188,0.08121,0.08185,8460895.7739,3978748.7236,4482147.0503
1780790400000,0.08186,0.08209,0.08158,0.0817,6817224.3929,3126683.7121,3690540.6808
1780794000000,0.08169,0.08385,0.08162,0.08345,6317086.3639,3745739.0658,2571347.2981
1780797600000,0.08346,0.08364,0.08277,0.0834,30341685.2168,18352067.2368,11989617.98
1780801200000,0.0834,0.08368,0.08316,0.08347,12853454.4877,5515985.1836,7337469.3041
1780804800000,0.08347,0.08391,0.08291,0.08381,8985954.2591,4816898.7406,4169055.5185
1780808400000,0.08381,0.0842,0.08357,0.08384,14455853.4589,6986891.519,7468961.9399
1780812000000,0.08384,0.08481,0.08355,0.08451,15018855.4732,7686741.9093,7332113.5639
1780815600000,0.0845,0.08495,0.08435,0.0849,20490013.0202,11235679.8642,9254333.156
1780819200000,0.0849,0.08563,0.08446,0.08549,11922026.9307,6522714.9413,5399311.9894
1780822800000,0.08549,0.08593,0.08467,0.08474,21254413.7569,12187124.5259,9067289.231
1780826400000,0.08474,0.08484,0.08407,0.08433,26992068.2697,12200588.5989,14791479.6708
1780830000000,0.08433,0.08479,0.08411,0.08453,15216806.8085,7130080.2875,8086726.521
1780833600000,0.08454,0.08459,0.08315,0.08372,9296282.561999999,5336518.8582,3959763.7038
1780837200000,0.08372,0.08397,0.08358,0.08381,29676222.1669,12048105.6784,17628116.4885
1780840800000,0.0838,0.08492,0.08379,0.08452,8407009.2199,4372071.7914,4034937.4285
1780844400000,0.08452,0.0849,0.08422,0.0846,16353783.3883,9028090.6633,7325692.725
1780848000000,0.0846,0.08492,0.08445,0.08475,10628184.592,4930942.3592,5697242.2328
1780851600000,0.08475,0.08527,0.08456,0.08478,8058786.3867,3840917.0884,4217869.2983
1780855200000,0.08478,0.08492,0.08426,0.0843,9341447.739500001,4796147.8365,4545299.903
1780858800000,0.08431,0.08433,0.08293,0.0833,4622019.0483,1759838.575,2862180.4733
1780862400000,0.08329,0.08428,0.08306,0.08412,22151934.188,10805661.4226,11346272.7654
1780866000000,0.08411,0.08417,0.08351,0.08397,10122033.5788,5550049.2154,4571984.3634
1780869600000,0.08398,0.08755,0.08377,0.08549,4738514.9166,2283003.073,2455511.8436
1780873200000,0.08549,0.0864,0.08542,0.08622,52387659.3284,27061692.0226,25325967.3058
1780876800000,0.08623,0.08678,0.08573,0.08635,15188584.096700002,7216621.9637,7971962.133
1780880400000,0.08635,0.08648,0.08477,0.08565,20443089.836900003,10878446.5534,9564643.2835
1780884000000,0.08566,0.0859,0.08534,0.08584,22155596.0827,9705522.3631,12450073.7196
1780887600000,0.08583,0.08626,0.0855,0.08586,9934879.4813,4752375.7603,5182503.721
1780891200000,0.08587,0.08594,0.0848,0.08489,7153617.2717,3627741.1523,3525876.1194
1780894800000,0.08489,0.08509,0.08428,0.08476,12566156.1394,5434740.1591,7131415.9803
1780898400000,0.08475,0.08538,0.08473,0.08524,12475111.247200001,6489788.3209,5985322.9263
1780902000000,0.08523,0.08573,0.08491,0.08562,9232270.2291,5200956.4038,4031313.8253
1780905600000,0.08561,0.08561,0.08487,0.08511,9376348.7544,4595308.3248,4781040.4296
1780909200000,0.08512,0.08589,0.08507,0.08587,11078594.1118,4416550.0103,6662044.1015
1780912800000,0.08586,0.08598,0.08524,0.08564,13578641.6258,6573389.5935,7005252.0323
1780916400000,0.08564,0.0868,0.08543,0.08635,12706102.2234,5878141.3444,6827960.879
1780920000000,0.08635,0.08697,0.08576,0.0868,16748950.1483,8827299.3516,7921650.7967
1780923600000,0.08681,0.08689,0.086,0.08629,22081148.7841,11485972.1346,10595176.6495
1780927200000,0.08629,0.08677,0.08609,0.08664,19480562.986,9452373.5996,10028189.3864
1780930800000,0.08663,0.0874,0.08661,0.08692,11402700.7326,5200582.8014,6202117.9312
1780934400000,0.08692,0.08748,0.08631,0.08639,18479319.2086,8841497.4116,9637821.797
1780938000000,0.08639,0.08678,0.08609,0.08678,13836817.442200001,6560389.6358,7276427.8064
1780941600000,0.08678,0.08722,0.08655,0.08679,9173128.073199999,4835071.5906,4338056.4826
1780945200000,0.08679,0.08707,0.08661,0.08676,6138012.443,3155752.8189,2982259.6241
1780948800000,0.08677,0.08679,0.08627,0.08671,5255508.9121,2577281.3861,2678227.526
1780952400000,0.08672,0.08742,0.08671,0.08699,5182735.2956,2849480.9038,2333254.3918
1780956000000,0.08699,0.08706,0.08657,0.08695,8558759.1833,4512321.051,4046438.1323
1780959600000,0.08696,0.08716,0.08606,0.08627,8966813.783599999,4396197.818,4570615.9656
1780963200000,0.08627,0.08642,0.08457,0.08478,11449059.0434,4886160.3258,6562898.7176
1780966800000,0.08477,0.08533,0.0847,0.08509,31202751.1933,12500682.4717,18702068.7216
1780970400000,0.08508,0.08529,0.08451,0.08529,8498228.9795,4138382.6211,4359846.3584
1780974000000,0.0853,0.08546,0.0849,0.08528,12425449.9968,5167874.6627,7257575.3341
1780977600000,0.08527,0.08643,0.08501,0.08612,5923709.4106,3437621.6257,2486087.7849
1780981200000,0.08612,0.08669,0.0859,0.08643,18098028.3606,10607046.5364,7490981.8242
1780984800000,0.08644,0.0867,0.08624,0.0863,10412448.991,5653562.4403,4758886.5507
1780988400000,0.0863,0.0866,0.0859,0.08636,6502220.760199999,3043646.1251,3458574.6351
1780992000000,0.08637,0.0864,0.0857,0.08582,9979739.9043,4807567.9496,5172171.9547
1780995600000,0.08582,0.08602,0.08521,0.08538,13834903.127300002,5927580.2147,7907322.9126
1780999200000,0.08538,0.08556,0.08514,0.08545,12261365.347199999,4975904.8653,7285460.4819
1781002800000,0.08545,0.08554,0.08512,0.08548,12034818.4329,6604272.0431,5430546.3898
1781006400000,0.08547,0.0859,0.08544,0.08581,10690906.7214,5731832.9101,4959073.8113
1781010000000,0.08582,0.08609,0.08516,0.08565,11300682.497200001,6654500.6508,4646181.8464
1781013600000,0.08565,0.08586,0.08425,0.08498,17000186.728600003,7697354.0447,9302832.6839
1781017200000,0.08498,0.08526,0.08402,0.08407,32331360.9603,14685595.5953,17645765.365
1781020800000,0.08406,0.08442,0.08307,0.0843,28166377.277900003,13371238.6608,14795138.6171
1781024400000,0.0843,0.08543,0.08426,0.08473,42337009.7554,21333148.0126,21003861.7428
1781028000000,0.08473,0.08522,0.08455,0.08486,19778358.2438,9558827.0216,10219531.2222
1781031600000,0.08485,0.08532,0.08466,0.08516,9315223.1761,3991426.4644,5323796.7117
1781035200000,0.08516,0.08557,0.08508,0.08552,8844349.2656,4705131.4754,4139217.7902
1781038800000,0.08552,0.08565,0.0846,0.0848,8661250.8294,4954886.7286,3706364.1008
1781042400000,0.0848,0.08509,0.08447,0.08449,8047962.077200001,3648312.703,4399649.3742
1781046000000,0.08449,0.08489,0.08439,0.08474,5142919.1128,1952922.1901,3189996.9227
1781049600000,0.08475,0.08512,0.08416,0.08503,6217759.7829,2884180.2352,3333579.5477
1781053200000,0.08503,0.0851,0.08443,0.08463,6748367.8719999995,3120048.7858,3628319.0862
1781056800000,0.08464,0.08478,0.08362,0.08376,7896260.699,4012401.3793,3883859.3197
1781060400000,0.08375,0.08423,0.08374,0.08392,10586767.4481,4198013.6589,6388753.7892
1781064000000,0.08391,0.08407,0.08343,0.08358,5686962.7041,3269673.4855,2417289.2186
1781067600000,0.08358,0.0837,0.08321,0.08353,7461138.244200001,3275274.9628,4185863.2814
1781071200000,0.08354,0.08381,0.08323,0.0836,8429426.6813,3557778.8297,4871647.8516
1781074800000,0.0836,0.08433,0.08354,0.0842,6603006.5669,3369942.1136,3233064.4533
1781078400000,0.0842,0.08422,0.08316,0.08338,10992864.8859,4604765.3046,6388099.5813
1781082000000,0.08338,0.08363,0.08283,0.08351,13172152.6259,5322017.2608,7850135.3651
1781085600000,0.08351,0.08386,0.08322,0.08365,16218944.5304,7056547.2795,9162397.2509
1781089200000,0.08365,0.08371,0.08277,0.08326,6479993.5462,3360845.9094,3119147.6368
1781092800000,0.08326,0.08457,0.083,0.08387,18305248.9379,8348694.3818,9956554.5561
1781096400000,0.08386,0.08515,0.08369,0.08455,25433055.162699997,13958778.6573,11474276.5054
1781100000000,0.08456,0.0847,0.08392,0.08447,23137636.5812,11054014.1064,12083622.4748
1781103600000,0.08447,0.08543,0.08395,0.08508,18307976.794699997,9558051.4039,8749925.3908
1781107200000,0.08509,0.08517,0.08358,0.08411,32137903.1752,14613449.2044,17524453.9708
1781110800000,0.08411,0.08444,0.08332,0.08385,22657198.9483,9239616.6854,13417582.2629
1781114400000,0.08385,0.08401,0.08324,0.08385,13289023.709199999,6664891.3526,6624132.3566
1781118000000,0.08384,0.08388,0.08295,0.08311,8343607.859999999,4155193.4521,4188414.4079
1781121600000,0.0831,0.08326,0.08261,0.08281,8291314.6692,4059979.8476,4231334.8216
1781125200000,0.0828,0.0828,0.08179,0.08211,12201729.539,5864151.1156,6337578.4234
1781128800000,0.08212,0.08265,0.08181,0.0823,14058887.359299999,5338931.2639,8719956.0954
1781132400000,0.0823,0.08307,0.08209,0.08289,10720389.0467,5119169.7708,5601219.2759
1781136000000,0.0829,0.08361,0.0829,0.08336,11156747.118900001,5885412.0519,5271335.067
1781139600000,0.08336,0.08442,0.08335,0.0842,7505549.530099999,3569387.3373,3936162.1928
1781143200000,0.0842,0.08429,0.08357,0.08408,12036293.906,6255372.3087,5780921.5973
1781146800000,0.08407,0.08524,0.08384,0.08496,8369625.3091,3884058.0177,4485567.2914
1781150400000,0.08496,0.08537,0.08474,0.08512,16974391.2729,9898334.9989,7076056.274
1781154000000,0.08512,0.08513,0.08474,0.08476,11650421.2467,5188166.2048,6462255.0419
1781157600000,0.08475,0.08513,0.08454,0.08472,6173166.9628,3080467.5262,3092699.4366
1781161200000,0.08471,0.085,0.08461,0.08483,9345879.062399998,4986850.5529,4359028.5095
1781164800000,0.08483,0.08545,0.0848,0.08519,5767515.9912,2971098.2222,2796417.769
1781168400000,0.0852,0.0852,0.08474,0.08503,9748653.457199998,4834688.9416,4913964.5156
1781172000000,0.08504,0.08518,0.0849,0.08512,7918708.4133,3525436.5081,4393271.9052
1781175600000,0.08511,0.08554,0.08488,0.08525,5707114.6004,3204772.9797,2502341.6207
1781179200000,0.08525,0.0853,0.0842,0.08474,9571293.33,5263572.4053,4307720.9247
1781182800000,0.08473,0.0852,0.08447,0.08496,22479735.602399997,10257383.1131,12222352.4893
1781186400000,0.08496,0.0854,0.08461,0.08496,11755369.7371,5880443.8637,5874925.8734
1781190000000,0.08496,0.08517,0.08453,0.0849,11913292.6695,5105083.6083,6808209.0612
1781193600000,0.08491,0.0851,0.08456,0.08468,11599301.5035,5289400.6412,6309900.8623
1781197200000,0.08468,0.08683,0.08434,0.0867,6516020.5575,3097563.0449,3418457.5126
1781200800000,0.0867,0.08699,0.08621,0.08647,36169976.1637,20418276.0686,15751700.0951
1781204400000,0.08646,0.08705,0.08617,0.08646,15874006.0666,7494891.8628,8379114.2038
1781208000000,0.08645,0.0866,0.08596,0.08628,11793833.0021,6815104.0991,4978728.903
1781211600000,0.08628,0.0867,0.08626,0.0864,6757170.3977,3089741.3633,3667429.0344
1781215200000,0.08639,0.08667,0.08623,0.08635,5189280.6829,2138746.0618,3050534.6211
1781218800000,0.08635,0.08647,0.08593,0.08603,4797589.7808,3000433.0101,1797156.7707
1781222400000,0.08603,0.08617,0.0858,0.08585,5774799.704399999,2726705.5738,3048094.1306
1781226000000,0.08585,0.0861,0.08555,0.08585,5744558.8365,3671638.822,2072920.0145
1781229600000,0.08586,0.08652,0.08585,0.08634,8745401.4897,4090300.5472,4655100.9425
1781233200000,0.08635,0.08654,0.08611,0.08654,9518176.4312,5578729.0602,3939447.371
1781236800000,0.08654,0.08708,0.08635,0.08695,4504053.5107,2508340.941,1995712.5697
1781240400000,0.08696,0.08738,0.08665,0.08672,14877555.2912,8108662.838,6768892.4532
1781244000000,0.08672,0.08705,0.08502,0.08534,22590106.0374,12018961.1792,10571144.8582
1781247600000,0.08534,0.08596,0.08534,0.08589,42095486.3353,18828670.9543,23266815.381
1781251200000,0.08589,0.0867,0.08589,0.08662,10012849.7909,5562482.9827,4450366.8082
1781254800000,0.08662,0.08724,0.08648,0.08696,13530998.3828,6440308.4122,7090689.9706
1781258400000,0.08696,0.08703,0.08628,0.08653,12345060.457899999,6047305.0663,6297755.3916
1781262000000,0.08654,0.08692,0.08642,0.08691,12087084.1731,5108139.6719,6978944.5012
1781265600000,0.08691,0.08723,0.08672,0.08694,5486257.1459,3130341.7108,2355915.4351
1781269200000,0.08695,0.08734,0.08662,0.08696,14516853.9861,7228976.3281,7287877.658
1781272800000,0.08696,0.09246,0.08689,0.09055,26492650.4764,12179486.9682,14313163.5082
1781276400000,0.09055,0.09079,0.08711,0.08741,168628082.44129997,85789391.0165,82838691.4248
1781280000000,0.0874,0.08876,0.08716,0.08875,75018041.9458,33071572.4097,41946469.5361
1781283600000,0.08875,0.08904,0.08772,0.08784,36390165.4151,19295046.1868,17095119.2283
1781287200000,0.08784,0.08807,0.08742,0.08754,16360854.52,7257100.9208,9103753.5992
1781290800000,0.08755,0.0881,0.08728,0.0874,8573735.3605,4077818.6226,4495916.7379
1781294400000,0.0874,0.08781,0.0873,0.08743,8313380.3068,4395087.6541,3918292.6527
1781298000000,0.08744,0.0877,0.08643,0.08667,5967746.2249,3051972.518,2915773.7069
1781301600000,0.08667,0.08682,0.08614,0.08631,11703862.6436,4306883.4125,7396979.2311
1781305200000,0.08632,0.08633,0.08554,0.08594,12314108.5498,6011638.7316,6302469.8182
1781308800000,0.08593,0.08616,0.08578,0.08606,16133814.2623,7901891.4637,8231922.7986
1781312400000,0.08607,0.08674,0.08604,0.08672,8853228.9111,4842300.6394,4010928.2717
1781316000000,0.08672,0.08688,0.08618,0.08641,11472548.7173,6608521.1476,4864027.5697
1781319600000,0.08641,0.08653,0.08603,0.08623,11125008.2986,4911525.0588,6213483.2398
1781323200000,0.08624,0.08644,0.08596,0.08604,6715534.411499999,3064380.7508,3651153.6607
1781326800000,0.08604,0.08626,0.08572,0.08612,6889292.9882,3625363.6545,3263929.3337
1781330400000,0.08612,0.08673,0.08603,0.08658,9010143.0334,4721713.9914,4288429.042
1781334000000,0.08658,0.08721,0.0864,0.08701,10771196.339699998,6362951.9026,4408244.4371
1781337600000,0.087,0.08735,0.08685,0.08708,16333676.6109,9187291.016,7146385.5949
1781341200000,0.08709,0.08741,0.08698,0.08711,7546615.9775,4166087.5012,3380528.4763
1781344800000,0.08711,0.08747,0.08707,0.08727,8986230.789099999,4631762.2335,4354468.5556
1781348400000,0.08727,0.08791,0.0872,0.0879,6776666.0187,3920966.8303,2855699.1884
1781352000000,0.08791,0.0887,0.0877,0.08851,11630284.3787,5902315.3528,5727969.0259
1781355600000,0.08851,0.08854,0.08796,0.08806,16276856.2211,8874993.0952,7401863.1259
1781359200000,0.08807,0.08839,0.088,0.08832,14261649.694699999,5621309.191,8640340.5037
1781362800000,0.08832,0.08878,0.08821,0.08831,9618959.853999998,4698688.3061,4920271.5479
1781366400000,0.08831,0.08833,0.08747,0.08787,14204713.5971,6907486.7485,7297226.8486
1781370000000,0.08787,0.08791,0.08734,0.08756,23510738.7254,9413802.063,14096936.6624
1781373600000,0.08756,0.08782,0.08751,0.08763,12352744.2373,5287270.0463,7065474.191
1781377200000,0.08763,0.08784,0.08746,0.08757,3591182.0691,1761993.9037,1829188.1654
1781380800000,0.08757,0.08772,0.08746,0.08761,4901656.1809,2554514.1489,2347142.032
1781384400000,0.08762,0.08857,0.08757,0.08812,4406620.0766,2244287.0288,2162333.0478
1781388000000,0.08812,0.08815,0.08776,0.0878,8941321.300900001,5246842.9413,3694478.3596
1781391600000,0.08781,0.08801,0.0877,0.08784,4145301.7367000002,2075221.1963,2070080.5404
1781395200000,0.08784,0.0879,0.08754,0.08765,3588094.5451999996,1805671.9074,1782422.6378
1781398800000,0.08765,0.08797,0.08754,0.08779,4727534.3201,2178932.7359,2548601.5842
1781402400000,0.08779,0.08808,0.08773,0.0879,7851164.3653,4135164.1609,3716000.2044
1781406000000,0.08789,0.08813,0.08777,0.08804,5756458.3789,2985717.3026,2770741.0763
1781409600000,0.08804,0.08809,0.08739,0.08756,4284028.0288,1946966.2331,2337061.7957
1781413200000,0.08756,0.08774,0.08718,0.0876,7493167.0704,3148617.1963,4344549.8741
1781416800000,0.08759,0.08783,0.08737,0.08747,8325756.0497,3392013.42,4933742.6297
1781420400000,0.08747,0.08749,0.08693,0.08713,5594829.4333,3109330.2465,2485499.1868
1781424000000,0.08714,0.08744,0.087,0.08717,7377307.886600001,3014490.2683,4362817.6183
1781427600000,0.08717,0.08744,0.08664,0.08741,7212651.7024,4057125.4841,3155526.2183
1781431200000,0.08741,0.08746,0.08705,0.08709,9930979.6163,5078120.3328,4852859.2835
1781434800000,0.08709,0.08724,0.08698,0.08699,4535780.8471,1931915.1742,2603865.6729
1781438400000,0.087,0.08707,0.08633,0.08654,4877121.5603,2681046.5562,2196075.0041
1781442000000,0.08653,0.08666,0.08615,0.08648,12825731.4687,5448014.5587,7377716.91
1781445600000,0.08649,0.08652,0.08565,0.086,11223089.305,5675699.1231,5547390.1819
1781449200000,0.08599,0.08631,0.08587,0.08625,17331276.1566,8396000.7405,8935275.4161
1781452800000,0.08625,0.08661,0.08623,0.08639,10252717.1491,5450206.4906,4802510.6585
1781456400000,0.08638,0.08658,0.0862,0.0863,10961605.1778,5160450.8809,5801154.2969
1781460000000,0.08629,0.08641,0.08608,0.08631,7038337.9424,2595260.7204,4443077.222
1781463600000,0.08629,0.08657,0.08617,0.08636,3516137.1117000002,1717921.1771,1798215.9346
1781467200000,0.08635,0.08692,0.08624,0.08657,4793949.2345,2523241.2705,2270707.964
1781470800000,0.08658,0.08906,0.08654,0.08851,6497896.4452,3777934.4365,2719962.0087
1781474400000,0.08851,0.08876,0.08793,0.08834,29201473.4251,14958583.2005,14242890.2246
1781478000000,0.08834,0.08895,0.08798,0.08885,19393369.7928,9386398.6677,10006971.1251
1781481600000,0.08885,0.08911,0.08845,0.08876,14265804.171,7465371.8343,6800432.3367
1781485200000,0.08877,0.08884,0.08821,0.08838,12841834.561999999,5832189.4784,7009645.0836
1781488800000,0.08839,0.08918,0.08831,0.08871,10276542.5803,3733703.746,6542838.8343
1781492400000,0.08871,0.0891,0.08863,0.08893,8553686.5607,4518534.6094,4035151.9513
1781496000000,0.08894,0.089,0.08852,0.08854,6330999.2023,3433932.4868,2897066.7155
1781499600000,0.08853,0.08891,0.08842,0.08869,5703220.9429,2600314.7022,3102906.2407
1781503200000,0.08869,0.08896,0.08858,0.08868,7664869.308,3837618.4775,3827250.8305
1781506800000,0.08868,0.08872,0.08833,0.08848,5097613.5993,2906803.145,2190810.4543
1781510400000,0.08849,0.08891,0.08837,0.0885,8025924.7501,3779002.417,4246922.3331
1781514000000,0.0885,0.08871,0.08806,0.08855,7855957.2831,3720943.2661,4135014.017
1781517600000,0.08855,0.08943,0.08841,0.08916,8632605.6476,4739377.3879,3893228.2597
1781521200000,0.08916,0.09006,0.08895,0.08966,14739756.761,8839468.2734,5900288.4876
1781524800000,0.08967,0.09018,0.08947,0.09002,29587615.9096,15885556.8592,13702059.0504
1781528400000,0.09002,0.09089,0.08991,0.09027,17535462.4861,10106241.842,7429220.6441
1781532000000,0.09026,0.09028,0.08907,0.08948,34092584.794700004,17602277.418,16490307.3767
1781535600000,0.08947,0.09074,0.08918,0.09063,29453243.2075,12238811.7273,17214431.4802
1781539200000,0.09063,0.09064,0.08996,0.09002,26020022.4936,13464864.9084,12555157.5852
1781542800000,0.09003,0.09005,0.08923,0.08962,15760735.0191,7496659.9346,8264075.0845
1781546400000,0.08962,0.08968,0.08919,0.08928,18646442.4471,9430615.2391,9215827.208
1781550000000,0.08928,0.08968,0.08845,0.08892,11163023.804200001,6248131.8389,4914891.9653
1781553600000,0.08892,0.08919,0.08864,0.08893,22477203.5648,10031576.1914,12445627.3734
1781557200000,0.08894,0.08911,0.0885,0.08878,7227125.608,3513480.5867,3713645.0213
1781560800000,0.08878,0.08892,0.08768,0.08798,7619137.9081999995,3962284.1595,3656853.7487
1781564400000,0.08798,0.08823,0.08774,0.0881,22518142.395400003,10014654.8145,12503487.5809
